{
  "contentVersion": "1.0.0.0",
  "parameters": {
    "workbookDisplayName": {
      "type": "string",
      "defaultValue": "Sign-in Analysis Lighthouse",
      "metadata": {
        "description": "The friendly name for the workbook that is used in the Gallery or Saved List.  This name must be unique within a resource group."
      }
    },
    "workbookType": {
      "type": "string",
      "defaultValue": "sentinel",
      "metadata": {
        "description": "The gallery that the workbook will been shown under. Supported values include workbook, tsg, etc. Usually, this is 'workbook'"
      }
    },
    "workbookSourceId": {
      "type": "string",
      "defaultValue": "/subscriptions/<subscriptionID>/resourcegroups/<rgname>/providers/microsoft.operationalinsights/workspaces/<workspacename>",
      "metadata": {
        "description": "The id of resource instance to which the workbook will be associated"
      }
    },
    "workbookId": {
      "type": "string",
      "defaultValue": "[newGuid()]",
      "metadata": {
        "description": "The unique guid for this workbook instance"
      }
    }
  },
  "resources": [
    {
      "name": "[parameters('workbookId')]",
      "type": "microsoft.insights/workbooks",
      "location": "[resourceGroup().location]",
      "apiVersion": "2018-06-17-preview",
      "dependsOn": [],
      "kind": "shared",
      "properties": {
        "displayName": "[parameters('workbookDisplayName')]",
        "serializedData": "{\"version\":\"Notebook/1.0\",\"items\":[{\"type\":1,\"content\":\"{\\\"json\\\":\\\"## Sign-in Analysis\\\"}\",\"name\":\"text - 0\"},{\"type\":9,\"content\":\"{\\\"version\\\":\\\"KqlParameterItem/1.0\\\",\\\"crossComponentResources\\\":[\\\"value::all\\\"],\\\"parameters\\\":[{\\\"id\\\":\\\"13f56671-7604-4427-a4d8-663f3da0cbc5\\\",\\\"version\\\":\\\"KqlParameterItem/1.0\\\",\\\"name\\\":\\\"TimeRange\\\",\\\"type\\\":4,\\\"isRequired\\\":true,\\\"value\\\":{\\\"durationMs\\\":1209600000},\\\"typeSettings\\\":{\\\"selectableValues\\\":[{\\\"durationMs\\\":300000,\\\"createdTime\\\":\\\"2018-11-13T19:33:10.162Z\\\",\\\"isInitialTime\\\":false,\\\"grain\\\":1,\\\"useDashboardTimeRange\\\":false},{\\\"durationMs\\\":900000,\\\"createdTime\\\":\\\"2018-11-13T19:33:10.164Z\\\",\\\"isInitialTime\\\":false,\\\"grain\\\":1,\\\"useDashboardTimeRange\\\":false},{\\\"durationMs\\\":1800000,\\\"createdTime\\\":\\\"2018-11-13T19:33:10.164Z\\\",\\\"isInitialTime\\\":false,\\\"grain\\\":1,\\\"useDashboardTimeRange\\\":false},{\\\"durationMs\\\":3600000,\\\"createdTime\\\":\\\"2018-11-13T19:33:10.164Z\\\",\\\"isInitialTime\\\":false,\\\"grain\\\":1,\\\"useDashboardTimeRange\\\":false},{\\\"durationMs\\\":14400000,\\\"createdTime\\\":\\\"2018-11-13T19:33:10.164Z\\\",\\\"isInitialTime\\\":false,\\\"grain\\\":1,\\\"useDashboardTimeRange\\\":false},{\\\"durationMs\\\":43200000,\\\"createdTime\\\":\\\"2018-11-13T19:33:10.164Z\\\",\\\"isInitialTime\\\":false,\\\"grain\\\":1,\\\"useDashboardTimeRange\\\":false},{\\\"durationMs\\\":86400000,\\\"createdTime\\\":\\\"2018-11-13T19:33:10.165Z\\\",\\\"isInitialTime\\\":false,\\\"grain\\\":1,\\\"useDashboardTimeRange\\\":false},{\\\"durationMs\\\":172800000,\\\"createdTime\\\":\\\"2018-11-13T19:33:10.166Z\\\",\\\"isInitialTime\\\":false,\\\"grain\\\":1,\\\"useDashboardTimeRange\\\":false},{\\\"durationMs\\\":259200000,\\\"createdTime\\\":\\\"2018-11-13T19:33:10.166Z\\\",\\\"isInitialTime\\\":false,\\\"grain\\\":1,\\\"useDashboardTimeRange\\\":false},{\\\"durationMs\\\":604800000,\\\"createdTime\\\":\\\"2018-11-13T19:33:10.166Z\\\",\\\"isInitialTime\\\":false,\\\"grain\\\":1,\\\"useDashboardTimeRange\\\":false},{\\\"durationMs\\\":1209600000,\\\"createdTime\\\":\\\"2018-11-13T19:33:10.166Z\\\",\\\"isInitialTime\\\":false,\\\"grain\\\":1,\\\"useDashboardTimeRange\\\":false},{\\\"durationMs\\\":2592000000,\\\"createdTime\\\":\\\"2018-11-13T19:33:10.167Z\\\",\\\"isInitialTime\\\":false,\\\"grain\\\":1,\\\"useDashboardTimeRange\\\":false}],\\\"allowCustom\\\":true}},{\\\"id\\\":\\\"3b5cc420-8ad8-4523-ba28-a54910756794\\\",\\\"version\\\":\\\"KqlParameterItem/1.0\\\",\\\"name\\\":\\\"Apps\\\",\\\"type\\\":2,\\\"isRequired\\\":true,\\\"multiSelect\\\":true,\\\"quote\\\":\\\"'\\\",\\\"delimiter\\\":\\\",\\\",\\\"query\\\":\\\"SigninLogs\\\\r\\\\n| summarize Count = count() by AppDisplayName\\\\r\\\\n| order by Count desc, AppDisplayName asc\\\\r\\\\n| project Value = AppDisplayName, Label = strcat(AppDisplayName, ' - ', Count, ' sign-ins'), Selected = false\\\\r\\\\n\\\",\\\"value\\\":[\\\"value::all\\\"],\\\"typeSettings\\\":{\\\"limitSelectTo\\\":10,\\\"additionalResourceOptions\\\":[\\\"value::all\\\"],\\\"selectAllValue\\\":\\\"*\\\"},\\\"timeContext\\\":{\\\"durationMs\\\":0},\\\"timeContextFromParameter\\\":\\\"TimeRange\\\",\\\"queryType\\\":0,\\\"resourceType\\\":\\\"microsoft.operationalinsights/workspaces\\\"},{\\\"id\\\":\\\"f7f7970b-58c1-474f-9043-62243d2d4edd\\\",\\\"version\\\":\\\"KqlParameterItem/1.0\\\",\\\"name\\\":\\\"Users\\\",\\\"type\\\":2,\\\"isRequired\\\":true,\\\"multiSelect\\\":true,\\\"quote\\\":\\\"'\\\",\\\"delimiter\\\":\\\",\\\",\\\"query\\\":\\\"SigninLogs\\\\r\\\\n|where AppDisplayName in ({Apps}) or '*' in ({Apps})\\\\r\\\\n| summarize Count = count() by UserDisplayName\\\\r\\\\n| order by Count desc, UserDisplayName asc\\\\r\\\\n| project Value = UserDisplayName, Label = strcat(UserDisplayName, ' - ', Count, ' sign-ins'), Selected = false\\\\r\\\\n\\\",\\\"value\\\":[\\\"value::all\\\"],\\\"typeSettings\\\":{\\\"limitSelectTo\\\":20,\\\"additionalResourceOptions\\\":[\\\"value::all\\\"],\\\"selectAllValue\\\":\\\"*\\\"},\\\"timeContext\\\":{\\\"durationMs\\\":0},\\\"timeContextFromParameter\\\":\\\"TimeRange\\\",\\\"queryType\\\":0,\\\"resourceType\\\":\\\"microsoft.operationalinsights/workspaces\\\"},{\\\"id\\\":\\\"120fa9ac-74bb-47da-88ca-14d72d04de75\\\",\\\"version\\\":\\\"KqlParameterItem/1.0\\\",\\\"name\\\":\\\"Workspace\\\",\\\"type\\\":5,\\\"isRequired\\\":true,\\\"multiSelect\\\":true,\\\"quote\\\":\\\"'\\\",\\\"delimiter\\\":\\\",\\\",\\\"query\\\":\\\"resources | where type =~ 'Microsoft.operationsmanagement/solutions' | where name contains 'SecurityInsights' | project id = tostring(properties.workspaceResourceId)\\\",\\\"crossComponentResources\\\":[\\\"value::all\\\"],\\\"value\\\":[\\\"/subscriptions/1186543f-81e7-4a2c-ad55-fae1cc1c9eac/resourcegroups/Sentinel/providers/Microsoft.OperationalInsights/workspaces/sorisentinel\\\"],\\\"typeSettings\\\":{\\\"additionalResourceOptions\\\":[\\\"value::all\\\"]},\\\"queryType\\\":1,\\\"resourceType\\\":\\\"microsoft.resourcegraph/resources\\\"}],\\\"style\\\":\\\"pills\\\",\\\"queryType\\\":1,\\\"resourceType\\\":\\\"microsoft.resourcegraph/resources\\\"}\",\"name\":\"parameters - 1\"},{\"type\":3,\"content\":\"{\\\"version\\\":\\\"KqlItem/1.0\\\",\\\"query\\\":\\\"let data = SigninLogs\\\\r\\\\n|where AppDisplayName in ({Apps}) or '*' in ({Apps})\\\\r\\\\n|where UserDisplayName in ({Users}) or '*' in ({Users})\\\\r\\\\n|extend errorCode = Status.errorCode\\\\r\\\\n|extend SigninStatus = case(errorCode == 0, \\\\\\\"Success\\\\\\\", errorCode == 50058, \\\\\\\"Pending user action\\\\\\\",errorCode == 50140, \\\\\\\"Pending user action\\\\\\\", errorCode == 51006, \\\\\\\"Pending user action\\\\\\\", errorCode == 50059, \\\\\\\"Pending user action\\\\\\\",errorCode == 65001, \\\\\\\"Pending user action\\\\\\\", errorCode == 52004, \\\\\\\"Pending user action\\\\\\\", errorCode == 50055, \\\\\\\"Pending user action\\\\\\\", errorCode == 50144, \\\\\\\"Pending user action\\\\\\\", errorCode == 50072, \\\\\\\"Pending user action\\\\\\\", errorCode == 50074, \\\\\\\"Pending user action\\\\\\\", errorCode == 16000, \\\\\\\"Pending user action\\\\\\\", errorCode == 16001, \\\\\\\"Pending user action\\\\\\\", errorCode == 16003, \\\\\\\"Pending user action\\\\\\\", errorCode == 50127, \\\\\\\"Pending user action\\\\\\\", errorCode == 50125, \\\\\\\"Pending user action\\\\\\\", errorCode == 50129, \\\\\\\"Pending user action\\\\\\\", errorCode == 50143, \\\\\\\"Pending user action\\\\\\\", errorCode == 81010, \\\\\\\"Pending user action\\\\\\\", errorCode == 81014, \\\\\\\"Pending user action\\\\\\\", errorCode == 81012 ,\\\\\\\"Pending user action\\\\\\\", \\\\\\\"Failure\\\\\\\");\\\\r\\\\ndata\\\\r\\\\n| summarize Count = count() by SigninStatus\\\\r\\\\n| join kind = fullouter (datatable(SigninStatus:string)['Success', 'Pending action (Interrupts)', 'Failure']) on SigninStatus\\\\r\\\\n| project SigninStatus = iff(SigninStatus == '', SigninStatus1, SigninStatus), Count = iff(SigninStatus == '', 0, Count)\\\\r\\\\n| join kind = inner (data\\\\r\\\\n    | make-series Trend = count() default = 0 on TimeGenerated from {TimeRange:start} to {TimeRange:end} step {TimeRange:grain} by SigninStatus)\\\\r\\\\n    on SigninStatus\\\\r\\\\n| project-away SigninStatus1, TimeGenerated\\\\r\\\\n| extend Status = SigninStatus\\\\r\\\\n| union (\\\\r\\\\n    data \\\\r\\\\n    | summarize Count = count() \\\\r\\\\n    | extend jkey = 1\\\\r\\\\n    | join kind=inner (data\\\\r\\\\n        | make-series Trend = count() default = 0 on TimeGenerated from {TimeRange:start} to {TimeRange:end} step {TimeRange:grain}\\\\r\\\\n        | extend jkey = 1) on jkey\\\\r\\\\n    | extend SigninStatus = 'All Sign-ins', Status = '*'    \\\\r\\\\n)\\\\r\\\\n| order by Count desc\\\\r\\\\n\\\\r\\\\n\\\\r\\\\n\\\\r\\\\n\\\",\\\"size\\\":3,\\\"timeContext\\\":{\\\"durationMs\\\":0},\\\"timeContextFromParameter\\\":\\\"TimeRange\\\",\\\"exportFieldName\\\":\\\"Status\\\",\\\"exportParameterName\\\":\\\"SigninStatus\\\",\\\"exportDefaultValue\\\":\\\"*\\\",\\\"queryType\\\":0,\\\"resourceType\\\":\\\"microsoft.operationalinsights/workspaces\\\",\\\"crossComponentResources\\\":[\\\"{Workspace}\\\"],\\\"visualization\\\":\\\"tiles\\\",\\\"tileSettings\\\":{\\\"titleContent\\\":{\\\"columnMatch\\\":\\\"SigninStatus\\\",\\\"formatter\\\":1,\\\"formatOptions\\\":{\\\"showIcon\\\":true}},\\\"leftContent\\\":{\\\"columnMatch\\\":\\\"Count\\\",\\\"formatter\\\":12,\\\"formatOptions\\\":{\\\"palette\\\":\\\"blue\\\",\\\"showIcon\\\":true},\\\"numberFormat\\\":{\\\"unit\\\":17,\\\"options\\\":{\\\"style\\\":\\\"decimal\\\",\\\"maximumFractionDigits\\\":2,\\\"maximumSignificantDigits\\\":3}}},\\\"secondaryContent\\\":{\\\"columnMatch\\\":\\\"Trend\\\",\\\"formatter\\\":9,\\\"formatOptions\\\":{\\\"min\\\":0,\\\"palette\\\":\\\"blue\\\",\\\"showIcon\\\":true}},\\\"showBorder\\\":false}}\",\"name\":\"query - 5\"},{\"type\":1,\"content\":\"{\\\"json\\\":\\\"<br />\\\\r\\\\n💡 _Click on a tile or a row in the grid to drill-in further_\\\"}\",\"name\":\"text - 6 - Copy\"},{\"type\":3,\"content\":\"{\\\"version\\\":\\\"KqlItem/1.0\\\",\\\"query\\\":\\\"let data = SigninLogs\\\\r\\\\n| extend AppDisplayName = iff(AppDisplayName == '', 'Unknown', AppDisplayName)\\\\r\\\\n|where AppDisplayName in ({Apps}) or '*' in ({Apps})\\\\r\\\\n|where UserDisplayName in ({Users}) or '*' in ({Users})\\\\r\\\\n| extend Country = iff(LocationDetails.countryOrRegion == '', 'Unknown country', tostring(LocationDetails.countryOrRegion))\\\\r\\\\n| extend City = iff(LocationDetails.city == '', 'Unknown city', tostring(LocationDetails.city))\\\\r\\\\n| extend errorCode = Status.errorCode\\\\r\\\\n| extend SigninStatus = case(errorCode == 0, \\\\\\\"Success\\\\\\\", errorCode == 50058, \\\\\\\"Pending user action\\\\\\\",errorCode == 50140, \\\\\\\"Pending user action\\\\\\\", errorCode == 51006, \\\\\\\"Pending user action\\\\\\\", errorCode == 50059, \\\\\\\"Pending user action\\\\\\\",errorCode == 65001, \\\\\\\"Pending user action\\\\\\\", errorCode == 52004, \\\\\\\"Pending user action\\\\\\\", errorCode == 50055, \\\\\\\"Pending user action\\\\\\\", errorCode == 50144, \\\\\\\"Pending user action\\\\\\\", errorCode == 50072, \\\\\\\"Pending user action\\\\\\\", errorCode == 50074, \\\\\\\"Pending user action\\\\\\\", errorCode == 16000, \\\\\\\"Pending user action\\\\\\\", errorCode == 16001, \\\\\\\"Pending user action\\\\\\\", errorCode == 16003, \\\\\\\"Pending user action\\\\\\\", errorCode == 50127, \\\\\\\"Pending user action\\\\\\\", errorCode == 50125, \\\\\\\"Pending user action\\\\\\\", errorCode == 50129, \\\\\\\"Pending user action\\\\\\\", errorCode == 50143, \\\\\\\"Pending user action\\\\\\\", errorCode == 81010, \\\\\\\"Pending user action\\\\\\\", errorCode == 81014, \\\\\\\"Pending user action\\\\\\\", errorCode == 81012 ,\\\\\\\"Pending user action\\\\\\\", \\\\\\\"Failure\\\\\\\")\\\\r\\\\n| where SigninStatus == '{SigninStatus}' or '{SigninStatus}' == '*' or '{SigninStatus}' == 'All Sign-ins';\\\\r\\\\nlet countryData = data\\\\r\\\\n| summarize TotalCount = count(), SuccessCount = countif(SigninStatus == \\\\\\\"Success\\\\\\\"), FailureCount = countif(SigninStatus == \\\\\\\"Failure\\\\\\\"), InterruptCount = countif(SigninStatus == \\\\\\\"Pending user action\\\\\\\") by Country\\\\r\\\\n| join kind=inner\\\\r\\\\n(\\\\r\\\\n    data\\\\r\\\\n   | make-series Trend = count() default = 0 on TimeGenerated in range({TimeRange:start}, {TimeRange:end}, {TimeRange:grain}) by  Country\\\\r\\\\n    | project-away TimeGenerated\\\\r\\\\n)\\\\r\\\\non Country\\\\r\\\\n| project Country, TotalCount, SuccessCount,FailureCount,InterruptCount,  Trend\\\\r\\\\n| order by TotalCount desc, Country asc;\\\\r\\\\ndata\\\\r\\\\n| summarize TotalCount = count(), SuccessCount = countif(SigninStatus == \\\\\\\"Success\\\\\\\"), FailureCount = countif(SigninStatus == \\\\\\\"Failure\\\\\\\"), InterruptCount = countif(SigninStatus == \\\\\\\"Pending user action\\\\\\\") by Country, City\\\\r\\\\n| join kind=inner\\\\r\\\\n(\\\\r\\\\n    data    \\\\r\\\\n    | make-series Trend = count() default = 0 on TimeGenerated in range({TimeRange:start}, {TimeRange:end}, {TimeRange:grain}) by Country, City\\\\r\\\\n    | project-away TimeGenerated\\\\r\\\\n)\\\\r\\\\non Country, City\\\\r\\\\n| order by TotalCount desc, Country asc\\\\r\\\\n| project Country, City,TotalCount, SuccessCount,FailureCount,InterruptCount, Trend\\\\r\\\\n| join kind=inner\\\\r\\\\n(\\\\r\\\\n    countryData\\\\r\\\\n)\\\\r\\\\non Country\\\\r\\\\n| project Id = City, Name = City, Type = 'City', ['Sign-in Count'] = TotalCount, Trend, ['Failure Count'] = FailureCount, ['Interrupt Count'] = InterruptCount, ['Success Rate'] = 1.0 * SuccessCount / TotalCount, ParentId = Country\\\\r\\\\n| union (countryData\\\\r\\\\n| project Id = Country, Name = Country, Type = 'Country', ['Sign-in Count'] = TotalCount, Trend, ['Failure Count'] = FailureCount, ['Interrupt Count'] = InterruptCount, ['Success Rate'] = 1.0 * SuccessCount / TotalCount, ParentId = 'root')\\\\r\\\\n| order by ['Sign-in Count'] desc, Name asc\\\",\\\"size\\\":1,\\\"showAnalytics\\\":true,\\\"title\\\":\\\"Sign-ins by Location\\\",\\\"timeContext\\\":{\\\"durationMs\\\":0},\\\"timeContextFromParameter\\\":\\\"TimeRange\\\",\\\"exportParameterName\\\":\\\"LocationDetail\\\",\\\"exportDefaultValue\\\":\\\"{ \\\\\\\"Name\\\\\\\":\\\\\\\"\\\\\\\", \\\\\\\"Type\\\\\\\":\\\\\\\"*\\\\\\\"}\\\",\\\"queryType\\\":0,\\\"resourceType\\\":\\\"microsoft.operationalinsights/workspaces\\\",\\\"crossComponentResources\\\":[\\\"{Workspace}\\\"],\\\"visualization\\\":\\\"table\\\",\\\"gridSettings\\\":{\\\"formatters\\\":[{\\\"columnMatch\\\":\\\"Id\\\",\\\"formatter\\\":5,\\\"formatOptions\\\":{\\\"showIcon\\\":true}},{\\\"columnMatch\\\":\\\"Type\\\",\\\"formatter\\\":5,\\\"formatOptions\\\":{\\\"showIcon\\\":true}},{\\\"columnMatch\\\":\\\"Sign-in Count\\\",\\\"formatter\\\":8,\\\"formatOptions\\\":{\\\"min\\\":0,\\\"palette\\\":\\\"blue\\\",\\\"showIcon\\\":true},\\\"numberFormat\\\":{\\\"unit\\\":17,\\\"options\\\":{\\\"style\\\":\\\"decimal\\\"}}},{\\\"columnMatch\\\":\\\"Trend\\\",\\\"formatter\\\":9,\\\"formatOptions\\\":{\\\"min\\\":0,\\\"palette\\\":\\\"blue\\\",\\\"showIcon\\\":true}},{\\\"columnMatch\\\":\\\"Failure Count|Interrupt Count\\\",\\\"formatter\\\":8,\\\"formatOptions\\\":{\\\"min\\\":0,\\\"palette\\\":\\\"orange\\\",\\\"showIcon\\\":true},\\\"numberFormat\\\":{\\\"unit\\\":17,\\\"options\\\":{\\\"style\\\":\\\"decimal\\\"}}},{\\\"columnMatch\\\":\\\"Success Rate\\\",\\\"formatter\\\":5,\\\"formatOptions\\\":{\\\"showIcon\\\":true},\\\"numberFormat\\\":{\\\"unit\\\":0,\\\"options\\\":{\\\"style\\\":\\\"percent\\\"}}},{\\\"columnMatch\\\":\\\"ParentId\\\",\\\"formatter\\\":5,\\\"formatOptions\\\":{\\\"showIcon\\\":true}}],\\\"filter\\\":true,\\\"hierarchySettings\\\":{\\\"idColumn\\\":\\\"Id\\\",\\\"parentColumn\\\":\\\"ParentId\\\",\\\"treeType\\\":0,\\\"expanderColumn\\\":\\\"Name\\\",\\\"expandTopLevel\\\":false}}}\",\"customWidth\":\"67\",\"showPin\":true,\"name\":\"query - 8\"},{\"type\":3,\"content\":\"{\\\"version\\\":\\\"KqlItem/1.0\\\",\\\"query\\\":\\\"let details = dynamic({LocationDetail});\\\\r\\\\nlet data = SigninLogs\\\\r\\\\n| extend AppDisplayName = iff(AppDisplayName == '', 'Unknown', AppDisplayName)\\\\r\\\\n|where AppDisplayName in ({Apps}) or '*' in ({Apps})\\\\r\\\\n|where UserDisplayName in ({Users}) or '*' in ({Users})\\\\r\\\\n| extend Country = tostring(LocationDetails.countryOrRegion)\\\\r\\\\n| extend City = tostring(LocationDetails.city)\\\\r\\\\n| extend errorCode = Status.errorCode\\\\r\\\\n| extend SigninStatus = case(errorCode == 0, \\\\\\\"Success\\\\\\\", errorCode == 50058, \\\\\\\"Pending user action\\\\\\\",errorCode == 50140, \\\\\\\"Pending user action\\\\\\\", errorCode == 51006, \\\\\\\"Pending user action\\\\\\\", errorCode == 50059, \\\\\\\"Pending user action\\\\\\\",errorCode == 65001, \\\\\\\"Pending user action\\\\\\\", errorCode == 52004, \\\\\\\"Pending user action\\\\\\\", errorCode == 50055, \\\\\\\"Pending user action\\\\\\\", errorCode == 50144, \\\\\\\"Pending user action\\\\\\\", errorCode == 50072, \\\\\\\"Pending user action\\\\\\\", errorCode == 50074, \\\\\\\"Pending user action\\\\\\\", errorCode == 16000, \\\\\\\"Pending user action\\\\\\\", errorCode == 16001, \\\\\\\"Pending user action\\\\\\\", errorCode == 16003, \\\\\\\"Pending user action\\\\\\\", errorCode == 50127, \\\\\\\"Pending user action\\\\\\\", errorCode == 50125, \\\\\\\"Pending user action\\\\\\\", errorCode == 50129, \\\\\\\"Pending user action\\\\\\\", errorCode == 50143, \\\\\\\"Pending user action\\\\\\\", errorCode == 81010, \\\\\\\"Pending user action\\\\\\\", errorCode == 81014, \\\\\\\"Pending user action\\\\\\\", errorCode == 81012 ,\\\\\\\"Pending user action\\\\\\\", \\\\\\\"Failure\\\\\\\")\\\\r\\\\n| where SigninStatus == '{SigninStatus}' or '{SigninStatus}' == '*' or '{SigninStatus}' == 'All Sign-ins'\\\\r\\\\n| where details.Type == '*' or (details.Type == 'Country' and Country == details.Name) or (details.Type == 'City' and City == details.Name);\\\\r\\\\ndata\\\\r\\\\n| top 200 by TimeGenerated desc\\\\r\\\\n| extend TimeFromNow = now() - TimeGenerated\\\\r\\\\n| extend TimeAgo = strcat(case(TimeFromNow < 2m, strcat(toint(TimeFromNow / 1m), ' seconds'), TimeFromNow < 2h, strcat(toint(TimeFromNow / 1m), ' minutes'), TimeFromNow < 2d, strcat(toint(TimeFromNow / 1h), ' hours'), strcat(toint(TimeFromNow / 1d), ' days')), ' ago')\\\\r\\\\n| project User = UserDisplayName, ['Sign-in Status'] = strcat(iff(SigninStatus == 'Success', '✔️', '❌'), ' ', SigninStatus), ['Sign-in Time'] = TimeAgo, App = AppDisplayName, ['Error code'] = errorCode, ['Result type'] = ResultType, ['Result signature'] = ResultSignature, ['Result description'] = ResultDescription, ['Conditional access policies'] = ConditionalAccessPolicies, ['Conditional access status'] = ConditionalAccessStatus, ['Operating system'] = DeviceDetail.operatingSystem, Browser = DeviceDetail.browser, ['Country or region'] = LocationDetails.countryOrRegion, ['State'] = LocationDetails.state, ['City'] = LocationDetails.city, ['Time generated'] = TimeGenerated, Status, ['User principal name'] = UserPrincipalName\\\\r\\\\n\\\\r\\\\n\\\",\\\"size\\\":1,\\\"showAnalytics\\\":true,\\\"title\\\":\\\"Location Sign-in details\\\",\\\"timeContext\\\":{\\\"durationMs\\\":0},\\\"timeContextFromParameter\\\":\\\"TimeRange\\\",\\\"queryType\\\":0,\\\"resourceType\\\":\\\"microsoft.operationalinsights/workspaces\\\",\\\"crossComponentResources\\\":[\\\"{Workspace}\\\"],\\\"gridSettings\\\":{\\\"formatters\\\":[{\\\"columnMatch\\\":\\\"Sign-in Status\\\",\\\"formatter\\\":7,\\\"formatOptions\\\":{\\\"linkTarget\\\":\\\"CellDetails\\\",\\\"showIcon\\\":true}},{\\\"columnMatch\\\":\\\"App\\\",\\\"formatter\\\":5,\\\"formatOptions\\\":{\\\"showIcon\\\":true}},{\\\"columnMatch\\\":\\\"Error code\\\",\\\"formatter\\\":5,\\\"formatOptions\\\":{\\\"showIcon\\\":true}},{\\\"columnMatch\\\":\\\"Result type\\\",\\\"formatter\\\":5,\\\"formatOptions\\\":{\\\"showIcon\\\":true}},{\\\"columnMatch\\\":\\\"Result signature\\\",\\\"formatter\\\":5,\\\"formatOptions\\\":{\\\"showIcon\\\":true}},{\\\"columnMatch\\\":\\\"Result description\\\",\\\"formatter\\\":5,\\\"formatOptions\\\":{\\\"showIcon\\\":true}},{\\\"columnMatch\\\":\\\"Conditional access policies\\\",\\\"formatter\\\":5,\\\"formatOptions\\\":{\\\"showIcon\\\":true}},{\\\"columnMatch\\\":\\\"Conditional access status\\\",\\\"formatter\\\":5,\\\"formatOptions\\\":{\\\"showIcon\\\":true}},{\\\"columnMatch\\\":\\\"Operating system\\\",\\\"formatter\\\":5,\\\"formatOptions\\\":{\\\"showIcon\\\":true}},{\\\"columnMatch\\\":\\\"Browser\\\",\\\"formatter\\\":5,\\\"formatOptions\\\":{\\\"showIcon\\\":true}},{\\\"columnMatch\\\":\\\"Country or region\\\",\\\"formatter\\\":5,\\\"formatOptions\\\":{\\\"showIcon\\\":true}},{\\\"columnMatch\\\":\\\"State\\\",\\\"formatter\\\":5,\\\"formatOptions\\\":{\\\"showIcon\\\":true}},{\\\"columnMatch\\\":\\\"City\\\",\\\"formatter\\\":5,\\\"formatOptions\\\":{\\\"showIcon\\\":true}},{\\\"columnMatch\\\":\\\"Time generated\\\",\\\"formatter\\\":5,\\\"formatOptions\\\":{\\\"showIcon\\\":true}},{\\\"columnMatch\\\":\\\"Status\\\",\\\"formatter\\\":5,\\\"formatOptions\\\":{\\\"showIcon\\\":true}},{\\\"columnMatch\\\":\\\"User principal name\\\",\\\"formatter\\\":5,\\\"formatOptions\\\":{\\\"showIcon\\\":true}},{\\\"columnMatch\\\":\\\"TimeGenerated\\\",\\\"formatter\\\":5,\\\"formatOptions\\\":{\\\"showIcon\\\":true}}],\\\"filter\\\":true}}\",\"customWidth\":\"33\",\"name\":\"query - 8\"},{\"type\":1,\"content\":\"{\\\"json\\\":\\\"\\\"}\",\"name\":\"text - 5\"},{\"type\":3,\"content\":\"{\\\"version\\\":\\\"KqlItem/1.0\\\",\\\"query\\\":\\\"let data = SigninLogs\\\\r\\\\n|where AppDisplayName in ({Apps}) or '*' in ({Apps})\\\\r\\\\n|where UserDisplayName in ({Users}) or '*' in ({Users})\\\\r\\\\n| extend errorCode = Status.errorCode\\\\r\\\\n| extend SigninStatus = case(errorCode == 0, \\\\\\\"Success\\\\\\\", errorCode == 50058, \\\\\\\"Pending user action\\\\\\\",errorCode == 50140, \\\\\\\"Pending user action\\\\\\\", errorCode == 51006, \\\\\\\"Pending user action\\\\\\\", errorCode == 50059, \\\\\\\"Pending user action\\\\\\\",errorCode == 65001, \\\\\\\"Pending user action\\\\\\\", errorCode == 52004, \\\\\\\"Pending user action\\\\\\\", errorCode == 50055, \\\\\\\"Pending user action\\\\\\\", errorCode == 50144, \\\\\\\"Pending user action\\\\\\\", errorCode == 50072, \\\\\\\"Pending user action\\\\\\\", errorCode == 50074, \\\\\\\"Pending user action\\\\\\\", errorCode == 16000, \\\\\\\"Pending user action\\\\\\\", errorCode == 16001, \\\\\\\"Pending user action\\\\\\\", errorCode == 16003, \\\\\\\"Pending user action\\\\\\\", errorCode == 50127, \\\\\\\"Pending user action\\\\\\\", errorCode == 50125, \\\\\\\"Pending user action\\\\\\\", errorCode == 50129, \\\\\\\"Pending user action\\\\\\\", errorCode == 50143, \\\\\\\"Pending user action\\\\\\\", errorCode == 81010, \\\\\\\"Pending user action\\\\\\\", errorCode == 81014, \\\\\\\"Pending user action\\\\\\\", errorCode == 81012 ,\\\\\\\"Pending user action\\\\\\\", \\\\\\\"Failure\\\\\\\")\\\\r\\\\n| where SigninStatus == '{SigninStatus}' or '{SigninStatus}' == '*' or '{SigninStatus}' == 'All Sign-ins';\\\\r\\\\nlet appData = data\\\\r\\\\n| summarize TotalCount = count(), SuccessCount = countif(SigninStatus == \\\\\\\"Success\\\\\\\"), FailureCount = countif(SigninStatus == \\\\\\\"Failure\\\\\\\"), InterruptCount = countif(SigninStatus == \\\\\\\"Pending user action\\\\\\\") by Os = tostring(DeviceDetail.operatingSystem)\\\\r\\\\n| where Os != ''\\\\r\\\\n| join kind=inner (data\\\\r\\\\n    | make-series Trend = count() default = 0 on TimeGenerated in range({TimeRange:start}, {TimeRange:end}, {TimeRange:grain}) by Os = tostring(DeviceDetail.operatingSystem)\\\\r\\\\n    | project-away TimeGenerated) on Os\\\\r\\\\n| order by TotalCount desc, Os asc\\\\r\\\\n| project Os, TotalCount, SuccessCount, FailureCount, InterruptCount, Trend\\\\r\\\\n| serialize Id = row_number();\\\\r\\\\ndata\\\\r\\\\n| summarize TotalCount = count(), SuccessCount = countif(SigninStatus == \\\\\\\"Success\\\\\\\"), FailureCount = countif(SigninStatus == \\\\\\\"Failure\\\\\\\"), InterruptCount = countif(SigninStatus == \\\\\\\"Pending user action\\\\\\\") by Os = tostring(DeviceDetail.operatingSystem), Browser = tostring(DeviceDetail.browser)\\\\r\\\\n| join kind=inner (data\\\\r\\\\n    | make-series Trend = count() default = 0 on TimeGenerated in range({TimeRange:start}, {TimeRange:end}, {TimeRange:grain}) by Os = tostring(DeviceDetail.operatingSystem), Browser = tostring(DeviceDetail.browser)\\\\r\\\\n    | project-away TimeGenerated) on Os, Browser\\\\r\\\\n| order by TotalCount desc, Os asc\\\\r\\\\n| project Os, Browser, TotalCount, SuccessCount, FailureCount, InterruptCount, Trend\\\\r\\\\n| serialize Id = row_number(1000000)\\\\r\\\\n| join kind=inner (appData) on Os\\\\r\\\\n| project Id, Name = Browser, Type = 'Browser', ['Sign-in Count'] = TotalCount, Trend, ['Failure Count'] = FailureCount, ['Interrupt Count'] = InterruptCount, ['Success Rate'] = 1.0 * SuccessCount / TotalCount, ParentId = Id1\\\\r\\\\n| union (appData \\\\r\\\\n    | project Id, Name = Os, Type = 'Operating System', ['Sign-in Count'] = TotalCount, Trend, ['Failure Count'] = FailureCount, ['Interrupt Count'] = InterruptCount, ['Success Rate'] = 1.0 * SuccessCount / TotalCount, ParentId = -1)\\\\r\\\\n| order by ['Sign-in Count'] desc, Name asc\\\",\\\"size\\\":1,\\\"showAnalytics\\\":true,\\\"title\\\":\\\"Sign-ins by Device\\\",\\\"timeContext\\\":{\\\"durationMs\\\":0},\\\"timeContextFromParameter\\\":\\\"TimeRange\\\",\\\"exportParameterName\\\":\\\"DeviceDetail\\\",\\\"exportDefaultValue\\\":\\\"{ \\\\\\\"Name\\\\\\\":\\\\\\\"\\\\\\\", \\\\\\\"Type\\\\\\\":\\\\\\\"*\\\\\\\"}\\\",\\\"queryType\\\":0,\\\"resourceType\\\":\\\"microsoft.operationalinsights/workspaces\\\",\\\"visualization\\\":\\\"table\\\",\\\"gridSettings\\\":{\\\"formatters\\\":[{\\\"columnMatch\\\":\\\"Id\\\",\\\"formatter\\\":5,\\\"formatOptions\\\":{\\\"showIcon\\\":true}},{\\\"columnMatch\\\":\\\"Type\\\",\\\"formatter\\\":5,\\\"formatOptions\\\":{\\\"showIcon\\\":true}},{\\\"columnMatch\\\":\\\"Sign-in Count\\\",\\\"formatter\\\":8,\\\"formatOptions\\\":{\\\"min\\\":0,\\\"palette\\\":\\\"blue\\\",\\\"showIcon\\\":true},\\\"numberFormat\\\":{\\\"unit\\\":17,\\\"options\\\":{\\\"style\\\":\\\"decimal\\\"}}},{\\\"columnMatch\\\":\\\"Trend\\\",\\\"formatter\\\":9,\\\"formatOptions\\\":{\\\"min\\\":0,\\\"palette\\\":\\\"blue\\\",\\\"showIcon\\\":true},\\\"numberFormat\\\":{\\\"unit\\\":17,\\\"options\\\":{\\\"style\\\":\\\"decimal\\\"}}},{\\\"columnMatch\\\":\\\"Failure Count|Interrupt Count\\\",\\\"formatter\\\":8,\\\"formatOptions\\\":{\\\"min\\\":0,\\\"palette\\\":\\\"orange\\\",\\\"showIcon\\\":true},\\\"numberFormat\\\":{\\\"unit\\\":17,\\\"options\\\":{\\\"style\\\":\\\"decimal\\\"}}},{\\\"columnMatch\\\":\\\"Success Rate\\\",\\\"formatter\\\":5,\\\"formatOptions\\\":{\\\"showIcon\\\":true},\\\"numberFormat\\\":{\\\"unit\\\":0,\\\"options\\\":{\\\"style\\\":\\\"percent\\\"}}},{\\\"columnMatch\\\":\\\"ParentId\\\",\\\"formatter\\\":5,\\\"formatOptions\\\":{\\\"showIcon\\\":true}}],\\\"filter\\\":true,\\\"hierarchySettings\\\":{\\\"idColumn\\\":\\\"Id\\\",\\\"parentColumn\\\":\\\"ParentId\\\",\\\"treeType\\\":0,\\\"expanderColumn\\\":\\\"Name\\\",\\\"expandTopLevel\\\":false}}}\",\"customWidth\":\"67\",\"showPin\":true,\"name\":\"query - 9\"},{\"type\":3,\"content\":\"{\\\"version\\\":\\\"KqlItem/1.0\\\",\\\"query\\\":\\\"let details = dynamic({DeviceDetail});\\\\r\\\\nlet data = SigninLogs\\\\r\\\\n|where AppDisplayName in ({Apps}) or '*' in ({Apps})\\\\r\\\\n|where UserDisplayName in ({Users}) or '*' in ({Users})\\\\r\\\\n| extend errorCode = Status.errorCode\\\\r\\\\n| extend SigninStatus = case(errorCode == 0, \\\\\\\"Success\\\\\\\", errorCode == 50058, \\\\\\\"Pending user action\\\\\\\",errorCode == 50140, \\\\\\\"Pending user action\\\\\\\", errorCode == 51006, \\\\\\\"Pending user action\\\\\\\", errorCode == 50059, \\\\\\\"Pending user action\\\\\\\",errorCode == 65001, \\\\\\\"Pending user action\\\\\\\", errorCode == 52004, \\\\\\\"Pending user action\\\\\\\", errorCode == 50055, \\\\\\\"Pending user action\\\\\\\", errorCode == 50144, \\\\\\\"Pending user action\\\\\\\", errorCode == 50072, \\\\\\\"Pending user action\\\\\\\", errorCode == 50074, \\\\\\\"Pending user action\\\\\\\", errorCode == 16000, \\\\\\\"Pending user action\\\\\\\", errorCode == 16001, \\\\\\\"Pending user action\\\\\\\", errorCode == 16003, \\\\\\\"Pending user action\\\\\\\", errorCode == 50127, \\\\\\\"Pending user action\\\\\\\", errorCode == 50125, \\\\\\\"Pending user action\\\\\\\", errorCode == 50129, \\\\\\\"Pending user action\\\\\\\", errorCode == 50143, \\\\\\\"Pending user action\\\\\\\", errorCode == 81010, \\\\\\\"Pending user action\\\\\\\", errorCode == 81014, \\\\\\\"Pending user action\\\\\\\", errorCode == 81012 ,\\\\\\\"Pending user action\\\\\\\", \\\\\\\"Failure\\\\\\\")\\\\r\\\\n| where SigninStatus == '{SigninStatus}' or '{SigninStatus}' == '*' or '{SigninStatus}' == 'All Sign-ins'\\\\r\\\\n| extend Os = tostring(DeviceDetail.operatingSystem), Browser = tostring(DeviceDetail.browser)\\\\r\\\\n| where details.Type == '*' or (details.Type == 'Operating System' and Os == details.Name) or (details.Type == 'Browser' and Browser == details.Name);\\\\r\\\\ndata\\\\r\\\\n| order by TimeGenerated desc\\\\r\\\\n| top 200 by TimeGenerated desc\\\\r\\\\n| extend TimeFromNow = now() - TimeGenerated\\\\r\\\\n| extend TimeAgo = strcat(case(TimeFromNow < 2m, strcat(toint(TimeFromNow / 1m), ' seconds'), TimeFromNow < 2h, strcat(toint(TimeFromNow / 1m), ' minutes'), TimeFromNow < 2d, strcat(toint(TimeFromNow / 1h), ' hours'), strcat(toint(TimeFromNow / 1d), ' days')), ' ago')\\\\r\\\\n| project User = UserDisplayName, ['Sign-in Status'] = strcat(iff(SigninStatus == 'Success', '✔️', '❌'), ' ', SigninStatus), ['Sign-in Time'] = TimeAgo, App = AppDisplayName, ['Error code'] = errorCode, ['Result type'] = ResultType, ['Result signature'] = ResultSignature, ['Result description'] = ResultDescription, ['Conditional access policies'] = ConditionalAccessPolicies, ['Conditional access status'] = ConditionalAccessStatus, ['Operating system'] = DeviceDetail.operatingSystem, Browser = DeviceDetail.browser, ['Country or region'] = LocationDetails.countryOrRegion, ['State'] = LocationDetails.state, ['City'] = LocationDetails.city, ['Time generated'] = TimeGenerated, Status, ['User principal name'] = UserPrincipalName\\\\r\\\\n\\\\r\\\\n\\\",\\\"size\\\":1,\\\"showAnalytics\\\":true,\\\"title\\\":\\\"Device Sign-in details\\\",\\\"timeContext\\\":{\\\"durationMs\\\":0},\\\"timeContextFromParameter\\\":\\\"TimeRange\\\",\\\"queryType\\\":0,\\\"resourceType\\\":\\\"microsoft.operationalinsights/workspaces\\\",\\\"gridSettings\\\":{\\\"formatters\\\":[{\\\"columnMatch\\\":\\\"Sign-in Status\\\",\\\"formatter\\\":7,\\\"formatOptions\\\":{\\\"linkTarget\\\":\\\"CellDetails\\\",\\\"showIcon\\\":true}},{\\\"columnMatch\\\":\\\"App\\\",\\\"formatter\\\":5,\\\"formatOptions\\\":{\\\"showIcon\\\":true}},{\\\"columnMatch\\\":\\\"Error code\\\",\\\"formatter\\\":5,\\\"formatOptions\\\":{\\\"showIcon\\\":true}},{\\\"columnMatch\\\":\\\"Result type\\\",\\\"formatter\\\":5,\\\"formatOptions\\\":{\\\"showIcon\\\":true}},{\\\"columnMatch\\\":\\\"Result signature\\\",\\\"formatter\\\":5,\\\"formatOptions\\\":{\\\"showIcon\\\":true}},{\\\"columnMatch\\\":\\\"Result description\\\",\\\"formatter\\\":5,\\\"formatOptions\\\":{\\\"showIcon\\\":true}},{\\\"columnMatch\\\":\\\"Conditional access policies\\\",\\\"formatter\\\":5,\\\"formatOptions\\\":{\\\"showIcon\\\":true}},{\\\"columnMatch\\\":\\\"Conditional access status\\\",\\\"formatter\\\":5,\\\"formatOptions\\\":{\\\"showIcon\\\":true}},{\\\"columnMatch\\\":\\\"Operating system\\\",\\\"formatter\\\":5,\\\"formatOptions\\\":{\\\"showIcon\\\":true}},{\\\"columnMatch\\\":\\\"Browser\\\",\\\"formatter\\\":5,\\\"formatOptions\\\":{\\\"showIcon\\\":true}},{\\\"columnMatch\\\":\\\"Country or region\\\",\\\"formatter\\\":5,\\\"formatOptions\\\":{\\\"showIcon\\\":true}},{\\\"columnMatch\\\":\\\"State\\\",\\\"formatter\\\":5,\\\"formatOptions\\\":{\\\"showIcon\\\":true}},{\\\"columnMatch\\\":\\\"City\\\",\\\"formatter\\\":5,\\\"formatOptions\\\":{\\\"showIcon\\\":true}},{\\\"columnMatch\\\":\\\"Time generated\\\",\\\"formatter\\\":5,\\\"formatOptions\\\":{\\\"showIcon\\\":true}},{\\\"columnMatch\\\":\\\"Status\\\",\\\"formatter\\\":5,\\\"formatOptions\\\":{\\\"showIcon\\\":true}},{\\\"columnMatch\\\":\\\"User principal name\\\",\\\"formatter\\\":5,\\\"formatOptions\\\":{\\\"showIcon\\\":true}}],\\\"filter\\\":true}}\",\"customWidth\":\"33\",\"name\":\"query - 8 - Copy\"},{\"type\":1,\"content\":\"{\\\"json\\\":\\\"## Sign-ins using Conditional Access\\\"}\",\"name\":\"text - 12\"},{\"type\":3,\"content\":\"{\\\"version\\\":\\\"KqlItem/1.0\\\",\\\"query\\\":\\\"let data = SigninLogs\\\\r\\\\n|where AppDisplayName in ({Apps}) or '*' in ({Apps})\\\\r\\\\n|where UserDisplayName in ({Users}) or '*' in ({Users})\\\\r\\\\n|extend CAStatus = case(ConditionalAccessStatus ==\\\\\\\"success\\\\\\\",\\\\\\\"Successful\\\\\\\",\\\\r\\\\n                    ConditionalAccessStatus == \\\\\\\"failure\\\\\\\", \\\\\\\"Failed\\\\\\\",                                     \\\\r\\\\n                    ConditionalAccessStatus == \\\\\\\"notApplied\\\\\\\", \\\\\\\"Not applied\\\\\\\",                                     \\\\r\\\\n                    isempty(ConditionalAccessStatus), \\\\\\\"Not applied\\\\\\\", \\\\r\\\\n                    \\\\\\\"Disabled\\\\\\\")\\\\r\\\\n|mvexpand ConditionalAccessPolicies\\\\r\\\\n|extend CAGrantControlName = tostring(ConditionalAccessPolicies.enforcedGrantControls[0])\\\\r\\\\n|extend CAGrantControl = case(CAGrantControlName contains \\\\\\\"MFA\\\\\\\", \\\\\\\"Require MFA\\\\\\\", \\\\r\\\\n                            CAGrantControlName contains \\\\\\\"Terms of Use\\\\\\\", \\\\\\\"Require Terms of Use\\\\\\\", \\\\r\\\\n                            CAGrantControlName contains \\\\\\\"Privacy\\\\\\\", \\\\\\\"Require Privacy Statement\\\\\\\", \\\\r\\\\n                            CAGrantControlName contains \\\\\\\"Device\\\\\\\", \\\\\\\"Require Device Compliant\\\\\\\", \\\\r\\\\n                            CAGrantControlName contains \\\\\\\"Azure AD Joined\\\\\\\", \\\\\\\"Require Hybird Azure AD Joined Device\\\\\\\", \\\\r\\\\n                            CAGrantControlName contains \\\\\\\"Apps\\\\\\\", \\\\\\\"Require Approved Apps\\\\\\\",\\\\r\\\\n                            \\\\\\\"Other\\\\\\\");\\\\r\\\\ndata\\\\r\\\\n| summarize Count = dcount(Id) by CAStatus\\\\r\\\\n| join kind = inner (data\\\\r\\\\n                    | make-series Trend = dcount(Id) default = 0 on TimeGenerated in range({TimeRange:start}, {TimeRange:end}, {TimeRange:grain}) by CAStatus\\\\r\\\\n                    ) on CAStatus\\\\r\\\\n| project-away CAStatus1, TimeGenerated\\\\r\\\\n| order by Count desc\\\",\\\"size\\\":4,\\\"title\\\":\\\"Conditional access status\\\",\\\"timeContext\\\":{\\\"durationMs\\\":0},\\\"timeContextFromParameter\\\":\\\"TimeRange\\\",\\\"queryType\\\":0,\\\"resourceType\\\":\\\"microsoft.operationalinsights/workspaces\\\",\\\"visualization\\\":\\\"tiles\\\",\\\"tileSettings\\\":{\\\"titleContent\\\":{\\\"columnMatch\\\":\\\"CAStatus\\\",\\\"formatter\\\":1,\\\"formatOptions\\\":{\\\"showIcon\\\":true}},\\\"leftContent\\\":{\\\"columnMatch\\\":\\\"Count\\\",\\\"formatter\\\":12,\\\"formatOptions\\\":{\\\"palette\\\":\\\"auto\\\",\\\"showIcon\\\":true},\\\"numberFormat\\\":{\\\"unit\\\":17,\\\"options\\\":{\\\"maximumSignificantDigits\\\":3,\\\"maximumFractionDigits\\\":2}}},\\\"secondaryContent\\\":{\\\"columnMatch\\\":\\\"Trend\\\",\\\"formatter\\\":9,\\\"formatOptions\\\":{\\\"showIcon\\\":true}},\\\"showBorder\\\":false}}\",\"name\":\"query - 9\"},{\"type\":3,\"content\":\"{\\\"version\\\":\\\"KqlItem/1.0\\\",\\\"query\\\":\\\"let data = SigninLogs\\\\r\\\\n|where AppDisplayName in ({Apps}) or '*' in ({Apps})\\\\r\\\\n|where UserDisplayName in ({Users}) or '*' in ({Users})\\\\r\\\\n|extend errorCode = toint(Status.errorCode)\\\\r\\\\n|extend Reason = tostring(Status.failureReason)\\\\r\\\\n|extend CAStatus = case(ConditionalAccessStatus ==0,\\\\\\\"✔️ Success\\\\\\\",                                     \\\\r\\\\n                        ConditionalAccessStatus == 1, \\\\\\\"❌ Failure\\\\\\\",                                     \\\\r\\\\n                        ConditionalAccessStatus == 2, \\\\\\\"⚠️ Not Applied\\\\\\\",                                     \\\\r\\\\n                        ConditionalAccessStatus == \\\\\\\"\\\\\\\", \\\\\\\"⚠️ Not Applied\\\\\\\", \\\\r\\\\n                        \\\\\\\"🚫 Disabled\\\\\\\")\\\\r\\\\n|mvexpand ConditionalAccessPolicies\\\\r\\\\n|extend CAGrantControlName = tostring(ConditionalAccessPolicies.enforcedGrantControls[0])\\\\r\\\\n|extend CAGrantControl = case(CAGrantControlName contains \\\\\\\"MFA\\\\\\\", \\\\\\\"Require MFA\\\\\\\", \\\\r\\\\n                            CAGrantControlName contains \\\\\\\"Terms of Use\\\\\\\", \\\\\\\"Require Terms of Use\\\\\\\", \\\\r\\\\n                            CAGrantControlName contains \\\\\\\"Privacy\\\\\\\", \\\\\\\"Require Privacy Statement\\\\\\\", \\\\r\\\\n                            CAGrantControlName contains \\\\\\\"Device\\\\\\\", \\\\\\\"Require Device Compliant\\\\\\\", \\\\r\\\\n                            CAGrantControlName contains \\\\\\\"Azure AD Joined\\\\\\\", \\\\\\\"Require Hybird Azure AD Joined Device\\\\\\\", \\\\r\\\\n                            CAGrantControlName contains \\\\\\\"Apps\\\\\\\", \\\\\\\"Require Approved Apps\\\\\\\",\\\\\\\"Other\\\\\\\");\\\\r\\\\ndata\\\\r\\\\n| summarize Count = dcount(Id) by CAStatus, CAGrantControl\\\\r\\\\n| project Id = strcat(CAStatus, '/', CAGrantControl), Name = CAGrantControl, Parent = CAStatus, Count, Type = 'CAGrantControl'\\\\r\\\\n| join kind = inner (data\\\\r\\\\n                    | make-series Trend = dcount(Id) default = 0 on TimeGenerated in range({TimeRange:start}, {TimeRange:end}, {TimeRange:grain}) by CAStatus, CAGrantControl\\\\r\\\\n                    | project Id = strcat(CAStatus, '/', CAGrantControl), Trend\\\\r\\\\n                    ) on Id\\\\r\\\\n| project-away Id1\\\\r\\\\n| union (data\\\\r\\\\n    | summarize Count = dcount(Id) by CAStatus\\\\r\\\\n    | project Id = CAStatus, Name = CAStatus, Parent = '', Count, Type = 'CAStatus'\\\\r\\\\n    | join kind = inner (data\\\\r\\\\n                        | make-series Trend = dcount(Id) default = 0 on TimeGenerated in range({TimeRange:start}, {TimeRange:end}, {TimeRange:grain}) by CAStatus\\\\r\\\\n                        | project Id = CAStatus, Trend\\\\r\\\\n                        ) on Id\\\\r\\\\n    | project-away Id1)\\\\r\\\\n| order by Count desc\\\",\\\"size\\\":0,\\\"title\\\":\\\"Conditional access status\\\",\\\"timeContext\\\":{\\\"durationMs\\\":0},\\\"timeContextFromParameter\\\":\\\"TimeRange\\\",\\\"exportParameterName\\\":\\\"Detail\\\",\\\"exportDefaultValue\\\":\\\"{ \\\\\\\"Name\\\\\\\":\\\\\\\"\\\\\\\", \\\\\\\"Type\\\\\\\":\\\\\\\"*\\\\\\\", \\\\\\\"Parent\\\\\\\":\\\\\\\"*\\\\\\\"}\\\",\\\"queryType\\\":0,\\\"resourceType\\\":\\\"microsoft.operationalinsights/workspaces\\\",\\\"visualization\\\":\\\"table\\\",\\\"gridSettings\\\":{\\\"formatters\\\":[{\\\"columnMatch\\\":\\\"Id\\\",\\\"formatter\\\":5,\\\"formatOptions\\\":{\\\"showIcon\\\":true}},{\\\"columnMatch\\\":\\\"Name\\\",\\\"formatter\\\":0,\\\"formatOptions\\\":{\\\"showIcon\\\":true}},{\\\"columnMatch\\\":\\\"Parent\\\",\\\"formatter\\\":5,\\\"formatOptions\\\":{\\\"showIcon\\\":true}},{\\\"columnMatch\\\":\\\"Count\\\",\\\"formatter\\\":8,\\\"formatOptions\\\":{\\\"min\\\":0,\\\"palette\\\":\\\"blue\\\",\\\"showIcon\\\":true},\\\"numberFormat\\\":{\\\"unit\\\":0,\\\"options\\\":{\\\"style\\\":\\\"decimal\\\"}}},{\\\"columnMatch\\\":\\\"Type\\\",\\\"formatter\\\":5,\\\"formatOptions\\\":{\\\"showIcon\\\":true}},{\\\"columnMatch\\\":\\\"Trend\\\",\\\"formatter\\\":9,\\\"formatOptions\\\":{\\\"min\\\":0,\\\"palette\\\":\\\"blue\\\",\\\"showIcon\\\":true}}],\\\"hierarchySettings\\\":{\\\"idColumn\\\":\\\"Id\\\",\\\"parentColumn\\\":\\\"Parent\\\",\\\"treeType\\\":0,\\\"expanderColumn\\\":\\\"Name\\\",\\\"expandTopLevel\\\":true}}}\",\"customWidth\":\"50\",\"name\":\"query - 10\",\"styleSettings\":{\"margin\":\"50\"}},{\"type\":3,\"content\":\"{\\\"version\\\":\\\"KqlItem/1.0\\\",\\\"query\\\":\\\"let details = dynamic({Detail});\\\\r\\\\nlet data = SigninLogs\\\\r\\\\n|where AppDisplayName in ({Apps}) or '*' in ({Apps})\\\\r\\\\n|where UserDisplayName in ({Users}) or '*' in ({Users})\\\\r\\\\n|extend errorCode = toint(Status.errorCode)\\\\r\\\\n|extend Reason = tostring(Status.failureReason)\\\\r\\\\n|extend CAStatus = case(ConditionalAccessStatus ==\\\\\\\"success\\\\\\\",\\\\\\\"✔️ Success\\\\\\\",                                     \\\\r\\\\n                        ConditionalAccessStatus == \\\\\\\"failure\\\\\\\", \\\\\\\"❌ Failure\\\\\\\",                                     \\\\r\\\\n                        ConditionalAccessStatus == \\\\\\\"notApplied\\\\\\\", \\\\\\\"⚠️ Not Applied\\\\\\\",                                     \\\\r\\\\n                        ConditionalAccessStatus == \\\\\\\"\\\\\\\", \\\\\\\"⚠️ Not Applied\\\\\\\", \\\\r\\\\n                        \\\\\\\"🚫 Disabled\\\\\\\")\\\\r\\\\n|mvexpand ConditionalAccessPolicies\\\\r\\\\n|extend CAGrantControlName = tostring(ConditionalAccessPolicies.enforcedGrantControls[0])\\\\r\\\\n|extend CAGrantControl = case(CAGrantControlName contains \\\\\\\"MFA\\\\\\\", \\\\\\\"Require MFA\\\\\\\", \\\\r\\\\n                            CAGrantControlName contains \\\\\\\"Terms of Use\\\\\\\", \\\\\\\"Require Terms of Use\\\\\\\", \\\\r\\\\n                            CAGrantControlName contains \\\\\\\"Privacy\\\\\\\", \\\\\\\"Require Privacy Statement\\\\\\\", \\\\r\\\\n                            CAGrantControlName contains \\\\\\\"Device\\\\\\\", \\\\\\\"Require Device Compliant\\\\\\\", \\\\r\\\\n                            CAGrantControlName contains \\\\\\\"Azure AD Joined\\\\\\\", \\\\\\\"Require Hybird Azure AD Joined Device\\\\\\\", \\\\r\\\\n                            CAGrantControlName contains \\\\\\\"Apps\\\\\\\", \\\\\\\"Require Approved Apps\\\\\\\",\\\\r\\\\n                            \\\\\\\"Other\\\\\\\")\\\\r\\\\n|extend CAGrantControlRank = case(CAGrantControlName contains \\\\\\\"MFA\\\\\\\", 1, \\\\r\\\\n                            CAGrantControlName contains \\\\\\\"Terms of Use\\\\\\\", 2, \\\\r\\\\n                            CAGrantControlName contains \\\\\\\"Privacy\\\\\\\", 3, \\\\r\\\\n                            CAGrantControlName contains \\\\\\\"Device\\\\\\\", 4, \\\\r\\\\n                            CAGrantControlName contains \\\\\\\"Azure AD Joined\\\\\\\", 5, \\\\r\\\\n                            CAGrantControlName contains \\\\\\\"Apps\\\\\\\", 6,\\\\r\\\\n                            7)\\\\r\\\\n| where details.Type == '*' or (details.Type == 'CAStatus' and CAStatus == details.Name) or (details.Type == 'CAGrantControl' and CAGrantControl == details.Name and CAStatus == details.Parent);\\\\r\\\\ndata\\\\r\\\\n| order by CAGrantControlRank desc\\\\r\\\\n| summarize CAGrantControls = make_set(CAGrantControl) by AppDisplayName, CAStatus, TimeGenerated, UserDisplayName\\\\r\\\\n| extend CAGrantControlText = replace(@\\\\\\\",\\\\\\\", \\\\\\\", \\\\\\\", replace(@'\\\\\\\"', @'', replace(@\\\\\\\"\\\\\\\\]\\\\\\\", @\\\\\\\"\\\\\\\", replace(@\\\\\\\"\\\\\\\\[\\\\\\\", @\\\\\\\"\\\\\\\", tostring(CAGrantControls)))))\\\\r\\\\n| extend CAGrantControlSummary = case(array_length(CAGrantControls) > 1, strcat(CAGrantControls[0], ' + ', array_length(CAGrantControls) - 1, ' more'), array_length(CAGrantControls) == 1, tostring(CAGrantControls[0]), 'None')\\\\r\\\\n| top 200 by TimeGenerated desc\\\\r\\\\n| extend TimeFromNow = now() - TimeGenerated\\\\r\\\\n| extend TimeAgo = strcat(case(TimeFromNow < 2m, strcat(toint(TimeFromNow / 1m), ' seconds'), TimeFromNow < 2h, strcat(toint(TimeFromNow / 1m), ' minutes'), TimeFromNow < 2d, strcat(toint(TimeFromNow / 1h), ' hours'), strcat(toint(TimeFromNow / 1d), ' days')), ' ago')\\\\r\\\\n| project Application = AppDisplayName, ['CA Status'] = CAStatus, ['CA Grant Controls'] = CAGrantControlSummary, ['All CA Grant Controls'] = CAGrantControlText, ['Sign-in Time'] = TimeAgo, ['User'] = UserDisplayName\\\",\\\"size\\\":0,\\\"showAnalytics\\\":true,\\\"title\\\":\\\"Recent sign-ins\\\",\\\"timeContext\\\":{\\\"durationMs\\\":0},\\\"timeContextFromParameter\\\":\\\"TimeRange\\\",\\\"queryType\\\":0,\\\"resourceType\\\":\\\"microsoft.operationalinsights/workspaces\\\",\\\"visualization\\\":\\\"table\\\",\\\"gridSettings\\\":{\\\"formatters\\\":[{\\\"columnMatch\\\":\\\"Application\\\",\\\"formatter\\\":0,\\\"formatOptions\\\":{\\\"showIcon\\\":true}},{\\\"columnMatch\\\":\\\"CA Status\\\",\\\"formatter\\\":0,\\\"formatOptions\\\":{\\\"showIcon\\\":true}},{\\\"columnMatch\\\":\\\"CA Grant Controls\\\",\\\"formatter\\\":1,\\\"formatOptions\\\":{\\\"showIcon\\\":true}},{\\\"columnMatch\\\":\\\"All CA Grant Controls\\\",\\\"formatter\\\":5,\\\"formatOptions\\\":{\\\"showIcon\\\":true}},{\\\"columnMatch\\\":\\\"Sign-in Time\\\",\\\"formatter\\\":0,\\\"formatOptions\\\":{\\\"showIcon\\\":true}},{\\\"columnMatch\\\":\\\"User\\\",\\\"formatter\\\":5,\\\"formatOptions\\\":{\\\"showIcon\\\":true}}]}}\",\"customWidth\":\"50\",\"showPin\":true,\"name\":\"query - 7 - Copy\"},{\"type\":1,\"content\":\"{\\\"json\\\":\\\"## Troubleshooting Sign-ins\\\"}\",\"name\":\"text - 13\"},{\"type\":3,\"content\":\"{\\\"version\\\":\\\"KqlItem/1.0\\\",\\\"query\\\":\\\"let data = SigninLogs\\\\r\\\\n|where AppDisplayName in ({Apps}) or '*' in ({Apps})\\\\r\\\\n|where UserDisplayName in ({Users}) or '*' in ({Users})\\\\r\\\\n|extend errorCode = Status.errorCode\\\\r\\\\n|extend SigninStatus = case(errorCode == 0, \\\\\\\"Success\\\\\\\", errorCode == 50058, \\\\\\\"Pending action (Interrupts)\\\\\\\",errorCode == 50140, \\\\\\\"Pending action (Interrupts)\\\\\\\", errorCode == 51006, \\\\\\\"Pending action (Interrupts)\\\\\\\", errorCode == 50059, \\\\\\\"Pending action (Interrupts)\\\\\\\",errorCode == 65001, \\\\\\\"Pending action (Interrupts)\\\\\\\", errorCode == 52004, \\\\\\\"Pending action (Interrupts)\\\\\\\", errorCode == 50055, \\\\\\\"Pending action (Interrupts)\\\\\\\", errorCode == 50144, \\\\\\\"Pending action (Interrupts)\\\\\\\", errorCode == 50072, \\\\\\\"Pending action (Interrupts)\\\\\\\", errorCode == 50074, \\\\\\\"Pending action (Interrupts)\\\\\\\", errorCode == 16000, \\\\\\\"Pending action (Interrupts)\\\\\\\", errorCode == 16001, \\\\\\\"Pending action (Interrupts)\\\\\\\", errorCode == 16003, \\\\\\\"Pending action (Interrupts)\\\\\\\", errorCode == 50127, \\\\\\\"Pending action (Interrupts)\\\\\\\", errorCode == 50125, \\\\\\\"Pending action (Interrupts)\\\\\\\", errorCode == 50129, \\\\\\\"Pending action (Interrupts)\\\\\\\", errorCode == 50143, \\\\\\\"Pending action (Interrupts)\\\\\\\", errorCode == 81010, \\\\\\\"Pending action (Interrupts)\\\\\\\", errorCode == 81014, \\\\\\\"Pending action (Interrupts)\\\\\\\", errorCode == 81012 ,\\\\\\\"Pending action (Interrupts)\\\\\\\", \\\\\\\"Failure\\\\\\\");\\\\r\\\\ndata\\\\r\\\\n| summarize Count = count() by SigninStatus\\\\r\\\\n| join kind = fullouter (datatable(SigninStatus:string)['Success', 'Pending action (Interrupts)', 'Failure']) on SigninStatus\\\\r\\\\n| project SigninStatus = iff(SigninStatus == '', SigninStatus1, SigninStatus), Count = iff(SigninStatus == '', 0, Count)\\\\r\\\\n| join kind = inner (data\\\\r\\\\n    | make-series Trend = count() default = 0 on TimeGenerated from {TimeRange:start} to {TimeRange:end} step {TimeRange:grain} by SigninStatus)\\\\r\\\\n    on SigninStatus\\\\r\\\\n| project-away SigninStatus1, TimeGenerated\\\\r\\\\n| extend Status = SigninStatus\\\\r\\\\n| union (\\\\r\\\\n    data \\\\r\\\\n    | summarize Count = count() \\\\r\\\\n    | extend jkey = 1\\\\r\\\\n    | join kind=inner (data\\\\r\\\\n        | make-series Trend = count() default = 0 on TimeGenerated from {TimeRange:start} to {TimeRange:end} step {TimeRange:grain}\\\\r\\\\n        | extend jkey = 1) on jkey\\\\r\\\\n    | extend SigninStatus = 'All Sign-ins', Status = '*'    \\\\r\\\\n)\\\\r\\\\n| order by Count desc\\\\r\\\\n\\\\r\\\\n\\\\r\\\\n\\\\r\\\\n\\\",\\\"size\\\":3,\\\"timeContext\\\":{\\\"durationMs\\\":0},\\\"timeContextFromParameter\\\":\\\"TimeRange\\\",\\\"queryType\\\":0,\\\"resourceType\\\":\\\"microsoft.operationalinsights/workspaces\\\",\\\"visualization\\\":\\\"tiles\\\",\\\"tileSettings\\\":{\\\"titleContent\\\":{\\\"columnMatch\\\":\\\"SigninStatus\\\",\\\"formatter\\\":1,\\\"formatOptions\\\":{\\\"showIcon\\\":true}},\\\"leftContent\\\":{\\\"columnMatch\\\":\\\"Count\\\",\\\"formatter\\\":12,\\\"formatOptions\\\":{\\\"palette\\\":\\\"blue\\\",\\\"showIcon\\\":true},\\\"numberFormat\\\":{\\\"unit\\\":17,\\\"options\\\":{\\\"style\\\":\\\"decimal\\\",\\\"maximumFractionDigits\\\":2,\\\"maximumSignificantDigits\\\":3}}},\\\"secondaryContent\\\":{\\\"columnMatch\\\":\\\"Trend\\\",\\\"formatter\\\":9,\\\"formatOptions\\\":{\\\"min\\\":0,\\\"palette\\\":\\\"blue\\\",\\\"showIcon\\\":true}},\\\"showBorder\\\":false}}\",\"name\":\"query - 5\"},{\"type\":3,\"content\":\"{\\\"version\\\":\\\"KqlItem/1.0\\\",\\\"query\\\":\\\"SigninLogs \\\\r\\\\n|where AppDisplayName in ({Apps}) or '*' in ({Apps})\\\\r\\\\n|where UserDisplayName in ({Users}) or '*' in ({Users})\\\\r\\\\n| extend ErrorCode = tostring(Status.errorCode) \\\\r\\\\n| extend FailureReason = tostring(Status.failureReason) \\\\r\\\\n| where ErrorCode !in (\\\\\\\"0\\\\\\\",\\\\\\\"50058\\\\\\\",\\\\\\\"50148\\\\\\\",\\\\\\\"50140\\\\\\\", \\\\\\\"51006\\\\\\\", \\\\\\\"50059\\\\\\\", \\\\\\\"65001\\\\\\\", \\\\\\\"52004\\\\\\\", \\\\\\\"50055\\\\\\\", \\\\\\\"50144\\\\\\\",\\\\\\\"50072\\\\\\\", \\\\\\\"50074\\\\\\\", \\\\\\\"16000\\\\\\\",\\\\\\\"16001\\\\\\\", \\\\\\\"16003\\\\\\\", \\\\\\\"50127\\\\\\\", \\\\\\\"50125\\\\\\\", \\\\\\\"50129\\\\\\\",\\\\\\\"50143\\\\\\\", \\\\\\\"81010\\\\\\\", \\\\\\\"81014\\\\\\\", \\\\\\\"81012\\\\\\\") \\\\r\\\\n|summarize errCount = count() by ErrorCode, tostring(FailureReason)| sort by errCount\\\\r\\\\n|project ['❌ Error Code'] = ErrorCode, ['Reason']= FailureReason, ['Error Count'] = toint(errCount)\\\",\\\"size\\\":1,\\\"showAnalytics\\\":true,\\\"title\\\":\\\"Summary of top errors\\\",\\\"timeContext\\\":{\\\"durationMs\\\":0},\\\"timeContextFromParameter\\\":\\\"TimeRange\\\",\\\"exportFieldName\\\":\\\"❌ Error Code\\\",\\\"exportParameterName\\\":\\\"ErrorCode\\\",\\\"exportDefaultValue\\\":\\\"*\\\",\\\"queryType\\\":0,\\\"resourceType\\\":\\\"microsoft.operationalinsights/workspaces\\\",\\\"visualization\\\":\\\"table\\\",\\\"gridSettings\\\":{\\\"formatters\\\":[{\\\"columnMatch\\\":\\\"Error Count\\\",\\\"formatter\\\":8,\\\"formatOptions\\\":{\\\"min\\\":0,\\\"palette\\\":\\\"orange\\\",\\\"showIcon\\\":true}}],\\\"filter\\\":true}}\",\"customWidth\":\"67\",\"showPin\":true,\"name\":\"query - 5\"},{\"type\":3,\"content\":\"{\\\"version\\\":\\\"KqlItem/1.0\\\",\\\"query\\\":\\\"SigninLogs \\\\r\\\\n|where AppDisplayName in ({Apps}) or '*' in ({Apps})\\\\r\\\\n|where UserDisplayName in ({Users}) or '*' in ({Users})\\\\r\\\\n| extend ErrorCode = tostring(Status.errorCode) \\\\r\\\\n| extend FailureReason = tostring(Status.failureReason) \\\\r\\\\n| where ErrorCode !in (\\\\\\\"0\\\\\\\",\\\\\\\"50058\\\\\\\",\\\\\\\"50148\\\\\\\",\\\\\\\"50140\\\\\\\", \\\\\\\"51006\\\\\\\", \\\\\\\"50059\\\\\\\", \\\\\\\"65001\\\\\\\", \\\\\\\"52004\\\\\\\", \\\\\\\"50055\\\\\\\", \\\\\\\"50144\\\\\\\",\\\\\\\"50072\\\\\\\", \\\\\\\"50074\\\\\\\", \\\\\\\"16000\\\\\\\",\\\\\\\"16001\\\\\\\", \\\\\\\"16003\\\\\\\", \\\\\\\"50127\\\\\\\", \\\\\\\"50125\\\\\\\", \\\\\\\"50129\\\\\\\",\\\\\\\"50143\\\\\\\", \\\\\\\"81010\\\\\\\", \\\\\\\"81014\\\\\\\", \\\\\\\"81012\\\\\\\") \\\\r\\\\n| where '{ErrorCode}' == '*' or '{ErrorCode}' == ErrorCode\\\\r\\\\n| top 200 by TimeGenerated desc\\\\r\\\\n| extend TimeFromNow = now() - TimeGenerated\\\\r\\\\n| extend TimeAgo = strcat(case(TimeFromNow < 2m, strcat(toint(TimeFromNow / 1m), ' seconds'), TimeFromNow < 2h, strcat(toint(TimeFromNow / 1m), ' minutes'), TimeFromNow < 2d, strcat(toint(TimeFromNow / 1h), ' hours'), strcat(toint(TimeFromNow / 1d), ' days')), ' ago')\\\\r\\\\n| project User = UserDisplayName, IPAddress, ['❌ Error Code'] = ErrorCode, ['Sign-in Time'] = TimeAgo, App = AppDisplayName, ['Error code'] = ErrorCode, ['Result type'] = ResultType, ['Result signature'] = ResultSignature, ['Result description'] = ResultDescription, ['Conditional access policies'] = ConditionalAccessPolicies, ['Conditional access status'] = ConditionalAccessStatus, ['Operating system'] = DeviceDetail.operatingSystem, Browser = DeviceDetail.browser, ['Country or region'] = LocationDetails.countryOrRegion, ['State'] = LocationDetails.state, ['City'] = LocationDetails.city, ['Time generated'] = TimeGenerated, Status, ['User principal name'] = UserPrincipalName\\\\r\\\\n\\\\r\\\\n\\\\r\\\\n\\\",\\\"size\\\":1,\\\"showAnalytics\\\":true,\\\"title\\\":\\\"Sign-ins with errors\\\",\\\"timeContext\\\":{\\\"durationMs\\\":0},\\\"timeContextFromParameter\\\":\\\"TimeRange\\\",\\\"queryType\\\":0,\\\"resourceType\\\":\\\"microsoft.operationalinsights/workspaces\\\",\\\"visualization\\\":\\\"table\\\",\\\"gridSettings\\\":{\\\"formatters\\\":[{\\\"columnMatch\\\":\\\"❌ Error Code\\\",\\\"formatter\\\":7,\\\"formatOptions\\\":{\\\"linkTarget\\\":\\\"GenericDetails\\\",\\\"showIcon\\\":true}},{\\\"columnMatch\\\":\\\"App\\\",\\\"formatter\\\":5,\\\"formatOptions\\\":{\\\"showIcon\\\":true}},{\\\"columnMatch\\\":\\\"Error code\\\",\\\"formatter\\\":5,\\\"formatOptions\\\":{\\\"showIcon\\\":true}},{\\\"columnMatch\\\":\\\"Result type\\\",\\\"formatter\\\":5,\\\"formatOptions\\\":{\\\"showIcon\\\":true}},{\\\"columnMatch\\\":\\\"Result signature\\\",\\\"formatter\\\":5,\\\"formatOptions\\\":{\\\"showIcon\\\":true}},{\\\"columnMatch\\\":\\\"Result description\\\",\\\"formatter\\\":5,\\\"formatOptions\\\":{\\\"showIcon\\\":true}},{\\\"columnMatch\\\":\\\"Conditional access policies\\\",\\\"formatter\\\":5,\\\"formatOptions\\\":{\\\"showIcon\\\":true}},{\\\"columnMatch\\\":\\\"Conditional access status\\\",\\\"formatter\\\":5,\\\"formatOptions\\\":{\\\"showIcon\\\":true}},{\\\"columnMatch\\\":\\\"Operating system\\\",\\\"formatter\\\":5,\\\"formatOptions\\\":{\\\"showIcon\\\":true}},{\\\"columnMatch\\\":\\\"Browser\\\",\\\"formatter\\\":5,\\\"formatOptions\\\":{\\\"showIcon\\\":true}},{\\\"columnMatch\\\":\\\"Country or region\\\",\\\"formatter\\\":5,\\\"formatOptions\\\":{\\\"showIcon\\\":true}},{\\\"columnMatch\\\":\\\"State\\\",\\\"formatter\\\":5,\\\"formatOptions\\\":{\\\"showIcon\\\":true}},{\\\"columnMatch\\\":\\\"City\\\",\\\"formatter\\\":5,\\\"formatOptions\\\":{\\\"showIcon\\\":true}},{\\\"columnMatch\\\":\\\"Time generated\\\",\\\"formatter\\\":5,\\\"formatOptions\\\":{\\\"showIcon\\\":true}},{\\\"columnMatch\\\":\\\"Status\\\",\\\"formatter\\\":5,\\\"formatOptions\\\":{\\\"showIcon\\\":true}},{\\\"columnMatch\\\":\\\"User principal name\\\",\\\"formatter\\\":5,\\\"formatOptions\\\":{\\\"showIcon\\\":true}}],\\\"filter\\\":true,\\\"sortBy\\\":[{\\\"itemKey\\\":\\\"IPAddress\\\",\\\"sortOrder\\\":2}]},\\\"sortBy\\\":[{\\\"itemKey\\\":\\\"IPAddress\\\",\\\"sortOrder\\\":2}]}\",\"customWidth\":\"33\",\"name\":\"query - 5 - Copy\"},{\"type\":3,\"content\":\"{\\\"version\\\":\\\"KqlItem/1.0\\\",\\\"query\\\":\\\"SigninLogs \\\\r\\\\n|where AppDisplayName in ({Apps}) or '*' in ({Apps})\\\\r\\\\n|where UserDisplayName in ({Users}) or '*' in ({Users})\\\\r\\\\n| extend ErrorCode = tostring(Status.errorCode) \\\\r\\\\n| extend FailureReason = Status.failureReason \\\\r\\\\n| where ErrorCode in (\\\\\\\"50058\\\\\\\",\\\\\\\"50140\\\\\\\", \\\\\\\"51006\\\\\\\", \\\\\\\"50059\\\\\\\", \\\\\\\"65001\\\\\\\", \\\\\\\"52004\\\\\\\", \\\\\\\"50055\\\\\\\", \\\\\\\"50144\\\\\\\",\\\\\\\"50072\\\\\\\", \\\\\\\"50074\\\\\\\", \\\\\\\"16000\\\\\\\",\\\\\\\"16001\\\\\\\", \\\\\\\"16003\\\\\\\", \\\\\\\"50127\\\\\\\", \\\\\\\"50125\\\\\\\", \\\\\\\"50129\\\\\\\",\\\\\\\"50143\\\\\\\", \\\\\\\"81010\\\\\\\", \\\\\\\"81014\\\\\\\", \\\\\\\"81012\\\\\\\") \\\\r\\\\n|summarize errCount = count() by ErrorCode, tostring(FailureReason)\\\\r\\\\n| sort by errCount\\\\r\\\\n|project ['❌ Error Code'] = ErrorCode, ['Reason'] = FailureReason, ['Interrupt Count'] = toint(errCount)\\\",\\\"size\\\":1,\\\"showAnalytics\\\":true,\\\"title\\\":\\\"Summary of sign-ins waiting on user action\\\",\\\"timeContext\\\":{\\\"durationMs\\\":0},\\\"timeContextFromParameter\\\":\\\"TimeRange\\\",\\\"exportFieldName\\\":\\\"❌ Error Code\\\",\\\"exportParameterName\\\":\\\"InterruptErrorCode\\\",\\\"exportDefaultValue\\\":\\\"*\\\",\\\"queryType\\\":0,\\\"resourceType\\\":\\\"microsoft.operationalinsights/workspaces\\\",\\\"gridSettings\\\":{\\\"formatters\\\":[{\\\"columnMatch\\\":\\\"Interrupt Count\\\",\\\"formatter\\\":8,\\\"formatOptions\\\":{\\\"min\\\":0,\\\"palette\\\":\\\"orange\\\"}}],\\\"filter\\\":true}}\",\"customWidth\":\"67\",\"showPin\":true,\"name\":\"query - 7\"},{\"type\":3,\"content\":\"{\\\"version\\\":\\\"KqlItem/1.0\\\",\\\"query\\\":\\\"SigninLogs \\\\r\\\\n|where AppDisplayName in ({Apps}) or '*' in ({Apps})\\\\r\\\\n|where UserDisplayName in ({Users}) or '*' in ({Users})\\\\r\\\\n| extend ErrorCode = tostring(Status.errorCode) \\\\r\\\\n| extend FailureReason = Status.failureReason \\\\r\\\\n| where ErrorCode in (\\\\\\\"50058\\\\\\\",\\\\\\\"50140\\\\\\\", \\\\\\\"51006\\\\\\\", \\\\\\\"50059\\\\\\\", \\\\\\\"65001\\\\\\\", \\\\\\\"52004\\\\\\\", \\\\\\\"50055\\\\\\\", \\\\\\\"50144\\\\\\\",\\\\\\\"50072\\\\\\\", \\\\\\\"50074\\\\\\\", \\\\\\\"16000\\\\\\\",\\\\\\\"16001\\\\\\\", \\\\\\\"16003\\\\\\\", \\\\\\\"50127\\\\\\\", \\\\\\\"50125\\\\\\\", \\\\\\\"50129\\\\\\\",\\\\\\\"50143\\\\\\\", \\\\\\\"81010\\\\\\\", \\\\\\\"81014\\\\\\\", \\\\\\\"81012\\\\\\\") \\\\r\\\\n| where '{InterruptErrorCode}' == '*' or '{InterruptErrorCode}' == ErrorCode\\\\r\\\\n| top 200 by TimeGenerated desc\\\\r\\\\n| extend TimeFromNow = now() - TimeGenerated\\\\r\\\\n| extend TimeAgo = strcat(case(TimeFromNow < 2m, strcat(toint(TimeFromNow / 1m), ' seconds'), TimeFromNow < 2h, strcat(toint(TimeFromNow / 1m), ' minutes'), TimeFromNow < 2d, strcat(toint(TimeFromNow / 1h), ' hours'), strcat(toint(TimeFromNow / 1d), ' days')), ' ago')\\\\r\\\\n| project User = UserDisplayName, IPAddress, ['❌ Error Code'] = ErrorCode, ['Sign-in Time'] = TimeAgo, App = AppDisplayName, ['Error code'] = ErrorCode, ['Result type'] = ResultType, ['Result signature'] = ResultSignature, ['Result description'] = ResultDescription, ['Conditional access policies'] = ConditionalAccessPolicies, ['Conditional access status'] = ConditionalAccessStatus, ['Operating system'] = DeviceDetail.operatingSystem, Browser = DeviceDetail.browser, ['Country or region'] = LocationDetails.countryOrRegion, ['State'] = LocationDetails.state, ['City'] = LocationDetails.city, ['Time generated'] = TimeGenerated, Status, ['User principal name'] = UserPrincipalName\\\\r\\\\n\\\\r\\\\n\\\",\\\"size\\\":1,\\\"showAnalytics\\\":true,\\\"title\\\":\\\"Sign-ins waiting on user action\\\",\\\"timeContext\\\":{\\\"durationMs\\\":0},\\\"timeContextFromParameter\\\":\\\"TimeRange\\\",\\\"queryType\\\":0,\\\"resourceType\\\":\\\"microsoft.operationalinsights/workspaces\\\",\\\"gridSettings\\\":{\\\"formatters\\\":[{\\\"columnMatch\\\":\\\"❌ Error Code\\\",\\\"formatter\\\":7,\\\"formatOptions\\\":{\\\"linkTarget\\\":\\\"GenericDetails\\\",\\\"showIcon\\\":true}},{\\\"columnMatch\\\":\\\"App\\\",\\\"formatter\\\":5,\\\"formatOptions\\\":{\\\"showIcon\\\":true}},{\\\"columnMatch\\\":\\\"Error code\\\",\\\"formatter\\\":5,\\\"formatOptions\\\":{\\\"showIcon\\\":true}},{\\\"columnMatch\\\":\\\"Result type\\\",\\\"formatter\\\":5,\\\"formatOptions\\\":{\\\"showIcon\\\":true}},{\\\"columnMatch\\\":\\\"Result signature\\\",\\\"formatter\\\":5,\\\"formatOptions\\\":{\\\"showIcon\\\":true}},{\\\"columnMatch\\\":\\\"Result description\\\",\\\"formatter\\\":5,\\\"formatOptions\\\":{\\\"showIcon\\\":true}},{\\\"columnMatch\\\":\\\"Conditional access policies\\\",\\\"formatter\\\":5,\\\"formatOptions\\\":{\\\"showIcon\\\":true}},{\\\"columnMatch\\\":\\\"Conditional access status\\\",\\\"formatter\\\":5,\\\"formatOptions\\\":{\\\"showIcon\\\":true}},{\\\"columnMatch\\\":\\\"Operating system\\\",\\\"formatter\\\":5,\\\"formatOptions\\\":{\\\"showIcon\\\":true}},{\\\"columnMatch\\\":\\\"Browser\\\",\\\"formatter\\\":5,\\\"formatOptions\\\":{\\\"showIcon\\\":true}},{\\\"columnMatch\\\":\\\"Country or region\\\",\\\"formatter\\\":5,\\\"formatOptions\\\":{\\\"showIcon\\\":true}},{\\\"columnMatch\\\":\\\"State\\\",\\\"formatter\\\":5,\\\"formatOptions\\\":{\\\"showIcon\\\":true}},{\\\"columnMatch\\\":\\\"City\\\",\\\"formatter\\\":5,\\\"formatOptions\\\":{\\\"showIcon\\\":true}},{\\\"columnMatch\\\":\\\"Time generated\\\",\\\"formatter\\\":5,\\\"formatOptions\\\":{\\\"showIcon\\\":true}},{\\\"columnMatch\\\":\\\"Status\\\",\\\"formatter\\\":5,\\\"formatOptions\\\":{\\\"showIcon\\\":true}},{\\\"columnMatch\\\":\\\"User principal name\\\",\\\"formatter\\\":5,\\\"formatOptions\\\":{\\\"showIcon\\\":true}}],\\\"filter\\\":true}}\",\"customWidth\":\"33\",\"showPin\":true,\"name\":\"query - 7 - Copy\"}],\"isLocked\":false,\"fromTemplateId\":\"sentinel-AzureActiveDirectorySigninLogs\"}",
        "version": "1.0",
        "sourceId": "[parameters('workbookSourceId')]",
        "category": "[parameters('workbookType')]"
      }
    }
  ],
  "outputs": {
    "workbookId": {
      "type": "string",
      "value": "[resourceId( 'microsoft.insights/workbooks', parameters('workbookId'))]"
    }
  },
  "$schema": "http://schema.management.azure.com/schemas/2015-01-01/deploymentTemplate.json#"
}